id;name;net
None;Falcon 9 Block 5 | Starlink Group 5-9;2023-05-14T04:58:00Z
None;Falcon 9 Block 5 | Starlink Group 6-3;2023-05-18T04:26:00Z
None;Falcon 9 Block 5 | Iridium-9 & OneWeb 19;2023-05-19T00:00:00Z
None;Falcon 9 Block 5 | Axiom Space Mission 2;2023-05-21T21:37:00Z
None;Falcon 9 Block 5 | BADR-8;2023-05-22T03:20:00Z
None;GSLV Mk II | IRNSS-1J (NVS-01);2023-05-22T03:45:00Z
None;Nuri | NEXTSat-2 & SNIPE;2023-05-24T09:24:00Z
None;Soyuz 2.1a | Progress MS-23 (84P);2023-05-24T12:56:00Z
None;Soyuz 2.1b/Fregat-M | Kondor-FKA No.1;2023-05-26T21:14:00Z
None;Long March 2F/G | Shenzhou 16;2023-05-31T00:00:00Z
